{"train/loss": 1.1592, "train/learning_rate": 0.0, "train/epoch": 0.27, "train/global_step": 1000, "_timestamp": 1701707791.6621888, "_runtime": 262.6644358634949, "_step": 12, "eval/loss": 1.0980162620544434, "eval/accuracy": 0.6632, "eval/runtime": 57.977, "eval/samples_per_second": 172.482, "eval/steps_per_second": 21.56, "train/train_runtime": 262.6755, "train/train_samples_per_second": 30.456, "train/train_steps_per_second": 3.807, "train/total_flos": 1059890380800000.0, "train/train_loss": 1.2737845153808594}