{"acc": 0.8110185468846666, "loss": 0.1338849050231364, "_timestamp": 1701703786.688513, "_runtime": 3.8174021244049072, "_step": 7, "_wandb": {"runtime": 2}}