{"epoch": 2, "loss": 70, "_timestamp": 1701770534.1677213, "_runtime": 3.556121349334717, "_step": 5, "_wandb": {"runtime": 2}}